[
  {
    "country": "Philippines",
    "sectors": ["Retail", "Food", "Agriculture"],
    "amounts": [655036, 488027, 468720],
    "total": 279303
  },
  {
    "country": "Myanmar",
    "sectors": ["Retail", "Manufacturing", "Health"],
    "amounts": [50061, 10006, 10000],
    "total": 2300
  },
  {
    "country": "El Salvador",
    "sectors": ["Agriculture", "Food", "Retail"],
    "amounts": [10839425, 7743800, 5208525],
    "total": 53706
  },
  {
    "country": "Albania",
    "sectors": ["Clothing", "Agriculture", "Housing"],
    "amounts": [51794, 14246, 4123],
    "total": 2658
  },
  {
    "country": "South Africa",
    "sectors": ["Education", "Health", "Retail"],
    "amounts": [59096, 50100, 22429],
    "total": 623
  },
  {
    "country": "Paraguay",
    "sectors": ["Food", "Retail", "Services"],
    "amounts": [94422, 36730, 34419],
    "total": 24089
  },
  {
    "country": "Ecuador",
    "sectors": ["Agriculture", "Retail", "Food"],
    "amounts": [10748725, 7400150, 6531325],
    "total": 31229
  },
  {
    "country": "Nigeria",
    "sectors": ["Food", "Retail", "Services"],
    "amounts": [229657, 128876, 58006],
    "total": 18827
  },
  {
    "country": "Kosovo",
    "sectors": ["Agriculture", "Housing", "Services"],
    "amounts": [941021, 619098, 478924],
    "total": 1851
  },
  {
    "country": "Azerbaijan",
    "sectors": ["Agriculture", "Food", "Retail"],
    "amounts": [3795766, 1652837, 948558],
    "total": 9136
  },
  {
    "country": "Bulgaria",
    "sectors": ["Food", "Agriculture", "Services"],
    "amounts": [86475, 73900, 54800],
    "total": 224
  },
  {
    "country": "Ukraine",
    "sectors": ["Clothing", "Retail", "Agriculture"],
    "amounts": [225018, 184764, 59352],
    "total": 4830
  },
  {
    "country": "South Sudan",
    "sectors": ["Food", "Health", "Retail"],
    "amounts": [158932, 132673, 86643],
    "total": 5299
  },
  {
    "country": "Sri Lanka",
    "sectors": ["Food", "Services", "Agriculture"],
    "amounts": [14, 12, 10],
    "total": 29
  },
  {
    "country": "Chile",
    "sectors": ["Health", "Retail", "Food"],
    "amounts": [35017, 1278, 983],
    "total": 872
  },
  {
    "country": "United States",
    "sectors": ["Services", "Food", "Retail"],
    "amounts": [3267400, 961500, 843850],
    "total": 1590
  },
  {
    "country": "Sierra Leone",
    "sectors": ["Retail", "Food", "Clothing"],
    "amounts": [56297, 42232, 12612],
    "total": 14155
  },
  {
    "country": "Yemen",
    "sectors": ["Personal Use", "Retail", "Food"],
    "amounts": [1847, 1752, 1749],
    "total": 3246
  },
  {
    "country": "Mongolia",
    "sectors": ["Transportation", "Housing", "Food"],
    "amounts": [42547, 38840, 13462],
    "total": 8620
  },
  {
    "country": "Nepal",
    "sectors": ["Health", "Education", "Food"],
    "amounts": [32972, 23883, 5726],
    "total": 2204
  },
  {
    "country": "Bosnia and Herzegovina",
    "sectors": ["Agriculture", "Services", "Clothing"],
    "amounts": [159918, 35305, 25474],
    "total": 576
  },
  {
    "country": "Ghana",
    "sectors": ["Food", "Retail", "Clothing"],
    "amounts": [1753020, 772632, 330979],
    "total": 20329
  },
  {
    "country": "Mali",
    "sectors": ["Agriculture", "Arts", "Food"],
    "amounts": [61459, 8418, 7034],
    "total": 12806
  },
  {
    "country": "Jordan",
    "sectors": ["Education", "Retail", "Food"],
    "amounts": [4409133, 1941749, 1813963],
    "total": 8672
  },
  {
    "country": "Congo",
    "sectors": ["Food", "Retail", "Clothing"],
    "amounts": [2066, 941, 552],
    "total": 945
  },
  {
    "country": "Cambodia",
    "sectors": ["Agriculture", "Food", "Personal Use"],
    "amounts": [5004053, 3978121, 2600981],
    "total": 77957
  },
  {
    "country": "Pakistan",
    "sectors": ["Retail", "Services", "Food"],
    "amounts": [84067, 50708, 33797],
    "total": 41959
  },
  {
    "country": "Ivory Coast",
    "sectors": ["Food", "Agriculture", "Retail"],
    "amounts": [55623, 55230, 24869],
    "total": 250
  },
  {
    "country": "Liberia",
    "sectors": ["Retail", "Food", "Clothing"],
    "amounts": [21855, 13259, 3482],
    "total": 10360
  },
  {
    "country": "Suriname",
    "sectors": ["Agriculture", "Housing", "Personal Use"],
    "amounts": [85018, 1875, 1198],
    "total": 265
  },
  {
    "country": "Mozambique",
    "sectors": ["Retail", "Food", "Agriculture"],
    "amounts": [128283, 45800, 42003],
    "total": 6610
  },
  {
    "country": "Kenya",
    "sectors": ["Agriculture", "Health", "Retail"],
    "amounts": [967977, 834990, 397627],
    "total": 116553
  },
  {
    "country": "Thailand",
    "sectors": ["Arts", "Agriculture", "Clothing"],
    "amounts": [221356, 76479, 2500],
    "total": 241
  },
  { "country": "Uruguay", "sectors": ["Arts"], "amounts": [8000], "total": 1 },
  {
    "country": "Armenia",
    "sectors": ["Agriculture", "Retail", "Food"],
    "amounts": [7462476, 450980, 369074],
    "total": 11232
  },
  {
    "country": "Kyrgyzstan",
    "sectors": ["Education", "Agriculture", "Arts"],
    "amounts": [523058, 157045, 31728],
    "total": 10311
  },
  {
    "country": "Zambia",
    "sectors": ["Services", "Retail", "Agriculture"],
    "amounts": [112827, 52300, 13412],
    "total": 1065
  },
  {
    "country": "Tajikistan",
    "sectors": ["Agriculture", "Food", "Retail"],
    "amounts": [4564021, 1951754, 1709878],
    "total": 40021
  },
  {
    "country": "Colombia",
    "sectors": ["Services", "Education", "Retail"],
    "amounts": [61221, 10523, 1439],
    "total": 26355
  },
  {
    "country": "Mauritania",
    "sectors": ["Services"],
    "amounts": [15000],
    "total": 1
  },
  {
    "country": "Panama",
    "sectors": ["Agriculture", "Retail", "Services"],
    "amounts": [78625, 67500, 46100],
    "total": 188
  },
  {
    "country": "Samoa",
    "sectors": ["Agriculture", "Food", "Retail"],
    "amounts": [1784389, 1490336, 561166],
    "total": 15495
  },
  {
    "country": "Brazil",
    "sectors": ["Retail", "Services", "Food"],
    "amounts": [88576, 80130, 72145],
    "total": 417
  },
  {
    "country": "Dominican Republic",
    "sectors": ["Food", "Retail", "Clothing"],
    "amounts": [119946, 73940, 69044],
    "total": 3961
  },
  {
    "country": "The Democratic Republic of the Congo",
    "sectors": ["Food", "Clothing", "Retail"],
    "amounts": [6914475, 4253075, 4241125],
    "total": 4815
  },
  {
    "country": "Papua New Guinea",
    "sectors": ["Retail"],
    "amounts": [50000],
    "total": 1
  },
  {
    "country": "Lebanon",
    "sectors": ["Services", "Education", "Food"],
    "amounts": [4345702, 4027503, 3086961],
    "total": 18604
  },
  {
    "country": "Guatemala",
    "sectors": ["Agriculture", "Arts", "Food"],
    "amounts": [577756, 538370, 404311],
    "total": 11790
  },
  {
    "country": "Zimbabwe",
    "sectors": ["Clothing", "Retail", "Agriculture"],
    "amounts": [1366975, 1333200, 1215525],
    "total": 5248
  },
  {
    "country": "Canada",
    "sectors": ["Health"],
    "amounts": [50000],
    "total": 1
  },
  {
    "country": "Turkey",
    "sectors": ["Retail", "Arts", "Services"],
    "amounts": [77915, 51996, 41082],
    "total": 2003
  },
  {
    "country": "Belize",
    "sectors": ["Agriculture"],
    "amounts": [49352],
    "total": 171
  },
  {
    "country": "India",
    "sectors": ["Arts", "Agriculture", "Food"],
    "amounts": [65973, 39158, 24446],
    "total": 14690
  },
  {
    "country": "Somalia",
    "sectors": ["Retail", "Education", "Food"],
    "amounts": [87900, 58625, 56000],
    "total": 187
  },
  {
    "country": "Iraq",
    "sectors": ["Services", "Food", "Retail"],
    "amounts": [3516875, 1508675, 867425],
    "total": 3126
  },
  {
    "country": "Peru",
    "sectors": ["Food", "Agriculture", "Retail"],
    "amounts": [6951519, 5701769, 5605138],
    "total": 82691
  },
  {
    "country": "Burkina Faso",
    "sectors": ["Food", "Retail", "Agriculture"],
    "amounts": [2898, 1325, 1263],
    "total": 3437
  },
  {
    "country": "Haiti",
    "sectors": ["Retail", "Wholesale", "Agriculture"],
    "amounts": [273054, 152121, 146027],
    "total": 4527
  },
  {
    "country": "Togo",
    "sectors": ["Food", "Retail", "Services"],
    "amounts": [295540, 150195, 142497],
    "total": 14892
  },
  {
    "country": "Afghanistan",
    "sectors": ["Food", "Retail", "Services"],
    "amounts": [50490, 48646, 36851],
    "total": 1683
  },
  {
    "country": "Rwanda",
    "sectors": ["Agriculture", "Construction", "Retail"],
    "amounts": [206912, 62716, 41283],
    "total": 15376
  },
  {
    "country": "Nicaragua",
    "sectors": ["Retail", "Food", "Agriculture"],
    "amounts": [1405166, 1013183, 998563],
    "total": 39315
  },
  {
    "country": "Georgia",
    "sectors": ["Agriculture", "Food", "Transportation"],
    "amounts": [1466355, 1133619, 888848],
    "total": 5973
  },
  {
    "country": "Costa Rica",
    "sectors": ["Agriculture", "Retail", "Services"],
    "amounts": [5086, 1327, 619],
    "total": 4402
  },
  {
    "country": "Benin",
    "sectors": ["Agriculture", "Retail", "Food"],
    "amounts": [50154, 3027, 1948],
    "total": 5407
  },
  {
    "country": "Senegal",
    "sectors": ["Food", "Retail", "Agriculture"],
    "amounts": [47978, 43353, 20978],
    "total": 11450
  },
  {
    "country": "Mexico",
    "sectors": ["Food", "Retail", "Agriculture"],
    "amounts": [765630, 669719, 386750],
    "total": 18286
  },
  {
    "country": "Timor-Leste",
    "sectors": ["Retail", "Clothing", "Food"],
    "amounts": [1880900, 328400, 271900],
    "total": 3550
  },
  {
    "country": "Malawi",
    "sectors": ["Health", "Food", "Services"],
    "amounts": [50000, 1391, 736],
    "total": 1672
  },
  {
    "country": "Uganda",
    "sectors": ["Retail", "Agriculture", "Arts"],
    "amounts": [229543, 175340, 92204],
    "total": 41492
  },
  { "country": "Bhutan", "sectors": ["Arts"], "amounts": [10000], "total": 1 },
  {
    "country": "Madagascar",
    "sectors": ["Agriculture", "Retail", "Food"],
    "amounts": [50118, 120, 120],
    "total": 4850
  },
  {
    "country": "Laos",
    "sectors": ["Transportation", "Retail", "Personal Use"],
    "amounts": [59000, 10800, 112],
    "total": 1421
  },
  {
    "country": "Indonesia",
    "sectors": ["Arts", "Retail", "Agriculture"],
    "amounts": [434854, 89634, 77414],
    "total": 9858
  },
  {
    "country": "Palestine",
    "sectors": ["Services", "Education", "Agriculture"],
    "amounts": [3194159, 2845984, 2569467],
    "total": 11937
  },
  {
    "country": "Moldova",
    "sectors": ["Agriculture", "Food", "Clothing"],
    "amounts": [56620, 28907, 17034],
    "total": 665
  },
  {
    "country": "Egypt",
    "sectors": ["Agriculture", "Food", "Retail"],
    "amounts": [30754, 17821, 8247],
    "total": 2363
  },
  {
    "country": "Lesotho",
    "sectors": ["Personal Use", "Services"],
    "amounts": [40887, 46],
    "total": 637
  },
  {
    "country": "Vietnam",
    "sectors": ["Food", "Agriculture", "Retail"],
    "amounts": [40326, 37494, 7619],
    "total": 20785
  },
  {
    "country": "Cameroon",
    "sectors": ["Agriculture", "Food", "Retail"],
    "amounts": [60782, 19556, 7308],
    "total": 4756
  },
  {
    "country": "China",
    "sectors": ["Arts", "Food", "Agriculture"],
    "amounts": [56000, 15193, 13376],
    "total": 133
  },
  {
    "country": "Bolivia",
    "sectors": ["Food", "Retail", "Services"],
    "amounts": [2531100, 2040563, 1680901],
    "total": 22907
  },
  {
    "country": "Honduras",
    "sectors": ["Food", "Agriculture", "Retail"],
    "amounts": [281638, 176917, 121592],
    "total": 14207
  },
  {
    "country": "Burundi",
    "sectors": ["Food", "Retail", "Clothing"],
    "amounts": [1487, 615, 301],
    "total": 1505
  },
  {
    "country": "Solomon Islands",
    "sectors": ["Retail", "Agriculture", "Food"],
    "amounts": [39242, 25671, 18505],
    "total": 889
  },
  {
    "country": "Israel",
    "sectors": ["Services", "Retail", "Food"],
    "amounts": [162248, 86767, 57876],
    "total": 395
  },
  {
    "country": "Tanzania",
    "sectors": ["Retail", "Agriculture", "Food"],
    "amounts": [353342, 105679, 80294],
    "total": 14242
  }
]
